Agents,Items,OriginalTime,OptimizedTime,Speedup
5,10,0.053934335708618164,0.012422800064086914,4.341560310910661
10,20,0.04221916198730469,0.0157625675201416,2.678444481418178
20,40,0.2570228576660156,0.03482937812805176,7.379484546668036
50,100,0.7359459400177002,0.4689338207244873,1.5694025627767432
